{"cameraMode":{"drawMode":0,"name":"Shaded","section":"Shading Mode"},"sceneLighting":true,"audioPlay":false,"sceneViewState":{"showFog":true,"showMaterialUpdate":false,"showSkybox":true,"showFlares":true,"showImageEffects":true,"showParticleSystems":true},"in2DMode":false,"pivot":{"x":0.8818670511245728,"y":-0.015040289610624314,"z":0.06915055215358734},"rotation":{"x":-0.10773568600416184,"y":0.03322490304708481,"z":-0.0036696591414511205,"w":-0.9936566352844238},"size":0.09242486208677292,"orthographic":true}