{"cameraMode":{"drawMode":0,"name":"Shaded","section":"Shading Mode"},"sceneLighting":true,"audioPlay":false,"sceneViewState":{"showFog":true,"showMaterialUpdate":false,"showSkybox":true,"showFlares":true,"showImageEffects":true,"showParticleSystems":true},"in2DMode":false,"pivot":{"x":0.7572479248046875,"y":0.10729217529296875,"z":-0.033447265625},"rotation":{"x":-0.027001118287444116,"y":-0.013294227421283722,"z":0.0003355506050866097,"w":-0.9996103048324585},"size":0.230559840798378,"orthographic":true}