{"cameraMode":{"drawMode":0,"name":"Shaded","section":"Shading Mode"},"sceneLighting":true,"audioPlay":false,"sceneViewState":{"showFog":true,"showMaterialUpdate":false,"showSkybox":true,"showFlares":true,"showImageEffects":true,"showParticleSystems":true},"in2DMode":false,"pivot":{"x":0.27480000257492068,"y":0.0291811041533947,"z":0.0},"rotation":{"x":0.1805073320865631,"y":0.00023716737632639706,"z":-0.00004705731771537103,"w":0.9835853576660156},"size":0.11126714944839478,"orthographic":false}