{"cameraMode":{"drawMode":0,"name":"Shaded","section":"Shading Mode"},"sceneLighting":true,"audioPlay":false,"sceneViewState":{"showFog":true,"showMaterialUpdate":false,"showSkybox":true,"showFlares":true,"showImageEffects":true,"showParticleSystems":true},"in2DMode":false,"pivot":{"x":0.6146000027656555,"y":0.0016000040341168643,"z":0.028499998152256013},"rotation":{"x":-0.5395730137825012,"y":-0.23792316019535066,"z":0.1622016727924347,"w":-0.7912102341651917},"size":0.11450739204883576,"orthographic":false}