{"cameraMode":{"drawMode":0,"name":"Shaded","section":"Shading Mode"},"sceneLighting":true,"audioPlay":false,"sceneViewState":{"showFog":true,"showMaterialUpdate":false,"showSkybox":true,"showFlares":true,"showImageEffects":true,"showParticleSystems":true},"in2DMode":false,"pivot":{"x":0.9531360268592835,"y":0.04793480038642883,"z":-0.021717850118875505},"rotation":{"x":0.03448529541492462,"y":0.029503248631954194,"z":-0.0010103697422891856,"w":0.9990262389183044},"size":0.06315921247005463,"orthographic":true}