{"cameraMode":{"drawMode":0,"name":"Shaded","section":"Shading Mode"},"sceneLighting":true,"audioPlay":false,"sceneViewState":{"showFog":true,"showMaterialUpdate":false,"showSkybox":true,"showFlares":true,"showImageEffects":true,"showParticleSystems":true},"in2DMode":false,"pivot":{"x":0.6146000027656555,"y":0.0016000042669475079,"z":0.028499998152256013},"rotation":{"x":-0.4562603533267975,"y":0.13685014843940736,"z":-0.07129690796136856,"w":-0.8764038681983948},"size":0.06325875967741013,"orthographic":false}