{"cameraMode":{"drawMode":0,"name":"Shaded","section":"Shading Mode"},"sceneLighting":true,"audioPlay":false,"sceneViewState":{"showFog":true,"showMaterialUpdate":false,"showSkybox":true,"showFlares":true,"showImageEffects":true,"showParticleSystems":true},"in2DMode":false,"pivot":{"x":0.7449902296066284,"y":-0.05013321340084076,"z":0.1888006627559662},"rotation":{"x":-0.08211121708154679,"y":0.08530913293361664,"z":-0.0070873131044209,"w":-0.993003785610199},"size":0.3317837119102478,"orthographic":false}